x,y,data
28.5,172.805,38.94481213815873
33.25,180.975,35.78342806347845
33.25,164.54,35.140068300308414
38.0,172.805,31.16631166448652
42.75,180.975,23.16784215540586
42.75,164.54,30.061961011921305
47.5,172.805,28.003286809425653
52.25,180.975,22.70535163429795
52.25,164.54,34.393235090811466
-0.0,172.805,23.971189723730824
4.75,180.975,22.93443088152217
4.75,164.54,42.37809661120352
9.5,172.805,28.914216056747623
14.25,180.975,35.01795645398435
14.25,164.54,29.504953524501804
19.0,172.805,32.64896262605436
23.75,180.975,29.85326005883215
23.75,164.54,29.234463734393564
71.25,148.105,32.79783926803991
66.5,139.84,33.72539200066054
66.5,156.275,31.174559071985392
61.75,148.105,33.10226700530496
57.0,139.84,29.091315578755705
57.0,156.275,30.328828402631537
52.25,148.105,32.58250269543358
47.5,139.84,30.75319202269106
47.5,156.275,27.637334911182684
42.75,148.105,27.242086471043976
38.0,139.84,30.6428910154029
38.0,156.275,34.724620631773746
33.25,148.105,42.653207062959176
28.5,139.84,25.558891562522263
28.5,156.275,25.506843443854134
23.75,148.105,31.49403463576146
19.0,139.84,26.232651139793305
19.0,156.275,28.369411072709187
114.0,123.405,24.084094058720257
109.25,115.13999999999999,29.421918341932045
109.25,131.67,31.078272069061832
104.5,123.405,27.17219040264117
99.75,115.13999999999999,34.79343927161191
99.75,131.67,32.98858538326928
95.0,123.405,36.885353965382095
90.25,115.13999999999999,34.68022890443697
90.25,131.67,39.083090896717536
133.0,123.405,26.649583440834814
128.25,131.67,26.608286201462253
123.5,123.405,29.262390978208654
118.75,115.13999999999999,22.30214677054943
123.5,139.84,31.244975646023253
118.75,131.67,20.584241302293933
114.0,139.84,24.997239443189333
109.25,148.105,35.00037826268776
104.5,139.84,30.161269552749964
104.5,156.275,34.67101005069574
99.75,148.105,30.12525993222086
95.0,156.275,21.722737741122817
90.25,164.54,38.267885078129375
95.0,139.84,35.20972081048983
90.25,148.105,36.54705806582565
85.5,139.84,20.62291610607306
80.75,148.105,37.78315712301359
76.0,139.84,26.446316851109277
85.5,156.275,31.473019491555632
80.75,164.54,38.95492809995143
76.0,156.275,37.1788549007375
76.0,172.805,28.632744001331936
71.25,164.54,35.67997412368863
66.5,172.805,25.00999744140409
61.75,164.54,27.260298004736395
61.75,180.975,27.903587529136033
57.0,172.805,24.408489764803925
128.25,98.70500000000001,20.760716016666215
123.5,90.535,30.73940635525829
123.5,106.97,32.36426039034426
118.75,98.70500000000001,30.37610026722619
114.0,90.535,35.5997052471325
114.0,106.97,31.09332858880839
109.25,98.70500000000001,31.380983078585007
104.5,90.535,33.87195542068979
104.5,106.97,37.38423656912559
152.0,106.97,31.187003511522477
147.25,98.70500000000001,30.337625038671245
142.5,106.97,31.55617264120326
137.75,98.70500000000001,26.36630085863067
147.25,115.13999999999999,27.609990722479854
142.5,123.405,30.964865669609022
137.75,115.13999999999999,31.440889946257983
133.0,106.97,36.08427987800229
128.25,115.13999999999999,18.577232736395445
99.75,98.70500000000001,28.83134842414009
95.0,90.535,27.269049294460537
95.0,106.97,37.92200094941846
90.25,98.70500000000001,30.180750822100368
85.5,90.535,37.883692826982774
85.5,106.97,26.813377742390518
80.75,98.70500000000001,28.223022029983674
76.0,90.535,32.89431072522942
76.0,106.97,36.31134630507407
71.25,98.70500000000001,27.54284711065901
66.5,90.535,27.852182488847614
66.5,106.97,20.00536089150177
61.75,98.70500000000001,28.99980872389616
57.0,90.535,24.874531672399943
57.0,106.97,40.46037214395603
52.25,98.70500000000001,30.487286300444378
47.5,90.535,28.506413401962856
47.5,106.97,39.392073410967654
85.5,123.405,32.79140096914616
80.75,115.13999999999999,19.922661229035473
80.75,131.67,39.84616980017945
76.0,123.405,33.53722080105668
71.25,115.13999999999999,29.512522755686938
71.25,131.67,24.307689013234274
66.5,123.405,33.49594358778965
61.75,115.13999999999999,33.57120455199125
61.75,131.67,36.32839329981582
57.0,123.405,31.56303133114789
52.25,115.13999999999999,25.158492541503627
52.25,131.67,34.705095170154635
47.5,123.405,31.519251612657115
42.75,115.13999999999999,24.884941826392826
42.75,131.67,31.786027325397704
38.0,123.405,28.578885483286715
33.25,115.13999999999999,43.152595656678216
33.25,131.67,30.24498817684452
28.5,123.405,26.009571775587958
23.75,115.13999999999999,35.6576692283125
23.75,131.67,25.403434439511006
19.0,123.405,29.718362592463855
14.25,115.13999999999999,23.890107817675663
14.25,131.67,31.97013733355385
9.5,123.405,23.895192950857076
4.75,115.13999999999999,38.24529328210514
4.75,131.67,38.5369025634125
42.75,98.70500000000001,33.59537649424422
38.0,90.535,30.83151197886289
38.0,106.97,30.927813882214465
33.25,98.70500000000001,31.61565951733962
28.5,90.535,27.668539739763425
28.5,106.97,24.68973955739677
23.75,98.70500000000001,23.572583761464386
19.0,90.535,33.97154260355767
19.0,106.97,30.490330599867963
175.75,49.4,31.789929373322348
175.75,65.835,30.045425230727503
171.0,57.56999999999999,32.876747856652756
166.25,65.835,26.581163454281484
161.5,57.56999999999999,25.59524933023657
161.5,74.005,36.15957329230056
156.75,65.835,34.64881619822591
152.0,74.005,23.240975157618923
147.25,65.835,20.893138615958662
171.0,74.005,21.742716754242952
166.25,82.27,19.81969542007944
161.5,90.535,26.84131227738679
156.75,82.27,27.98904519535622
156.75,98.70500000000001,27.72217561142776
152.0,90.535,31.225444744353037
147.25,82.27,34.811989419495546
142.5,90.535,31.40872490721989
133.0,90.535,34.63595274259602
142.5,74.005,22.49904241498753
137.75,65.835,35.70358500911864
137.75,82.27,22.96082465509435
133.0,74.005,40.3433088271083
128.25,65.835,37.06706862099977
128.25,82.27,34.98561938874018
123.5,74.005,32.977959047949426
118.75,65.835,41.06771480948065
118.75,82.27,28.22099436599838
114.0,74.005,24.45684448657134
109.25,65.835,32.391832601365294
109.25,82.27,35.943669721349856
104.5,74.005,28.61697585344627
99.75,65.835,38.39056502390429
99.75,82.27,28.18355288573652
95.0,74.005,34.379686886001096
90.25,65.835,31.831707846692865
90.25,82.27,30.47879291752595
85.5,74.005,19.825891295094284
80.75,65.835,30.882892386952232
80.75,82.27,37.157856994872176
76.0,74.005,26.739312001697073
71.25,65.835,28.920022539719223
71.25,82.27,29.861743201920124
66.5,74.005,28.75071643609401
61.75,65.835,37.97752271504969
61.75,82.27,26.75842321902923
57.0,74.005,32.351175713375156
52.25,65.835,30.44756060904112
52.25,82.27,30.155893420162986
47.5,74.005,31.99087502074391
42.75,65.835,23.986116865248988
42.75,82.27,36.0109395494328
38.0,74.005,28.00000280872731
33.25,65.835,29.84106645514138
33.25,82.27,28.541404072069017
28.5,74.005,20.810623541074936
23.75,65.835,27.26998228174921
23.75,82.27,39.79006543488411
19.0,74.005,28.915017193856603
14.25,65.835,22.572823171736058
14.25,82.27,29.043870456169913
9.5,74.005,28.423490353816355
4.75,65.835,25.818535257921567
4.75,82.27,26.325851651279876
14.25,98.70500000000001,27.991178163629787
9.5,90.535,33.20181008269438
9.5,106.97,30.649868350551817
4.75,98.70500000000001,42.404744642149055
-0.0,90.535,27.56155832902465
-0.0,106.97,35.64450055952177
-4.75,98.70500000000001,22.362707178028653
-9.5,90.535,27.80755379569528
-9.5,106.97,24.93011526369292
185.25,16.435,31.302896071322763
185.25,32.87,34.159255231374495
180.5,24.7,20.29231583932436
175.75,16.435,29.747868055659264
180.5,41.135,27.221306229856136
175.75,32.87,31.83285582706641
171.0,41.135,32.684722047944454
166.25,49.4,27.68881476097379
161.5,41.135,33.18894239338147
156.75,49.4,24.155992237757367
152.0,41.135,36.27256480186627
152.0,57.56999999999999,37.15671964537361
147.25,49.4,30.336513737760924
142.5,41.135,28.24258567945356
142.5,57.56999999999999,35.50454844652934
137.75,49.4,30.316778477496545
133.0,41.135,32.684751507807206
133.0,57.56999999999999,25.401036230060882
128.25,49.4,26.70324814132935
123.5,41.135,25.185794257071016
123.5,57.56999999999999,37.97233634405913
118.75,49.4,23.521420964054506
114.0,41.135,20.553099671014515
114.0,57.56999999999999,32.38697973797566
109.25,49.4,23.327198668692596
104.5,41.135,30.23670827938923
104.5,57.56999999999999,35.990998011050166
99.75,49.4,30.985953134056892
95.0,41.135,32.12692623560411
95.0,57.56999999999999,30.011071187809197
90.25,49.4,24.015227095314977
85.5,41.135,24.371960128122296
85.5,57.56999999999999,33.09958571938092
80.75,49.4,27.14546062978457
76.0,41.135,27.447484401546383
76.0,57.56999999999999,21.76678002598969
42.75,49.4,25.76289482900193
38.0,41.135,39.741581089969834
38.0,57.56999999999999,34.43597089816707
33.25,49.4,23.7375074147754
28.5,41.135,27.74671036607682
28.5,57.56999999999999,30.6604537752603
23.75,49.4,38.48171716672806
19.0,41.135,28.886637473431236
19.0,57.56999999999999,29.82649675537587
71.25,49.4,40.89376494418565
66.5,41.135,40.19944891317202
66.5,57.56999999999999,35.118498584278456
61.75,49.4,30.72692532045355
57.0,41.135,29.201541226530665
57.0,57.56999999999999,29.983041127906123
52.25,49.4,24.277986736339173
47.5,41.135,40.91871282659814
47.5,57.56999999999999,30.66012418485267
57.0,24.7,36.17963442086084
52.25,16.435,28.651697325574325
52.25,32.87,26.733770799718506
47.5,24.7,30.083197907288966
42.75,16.435,26.55353029888014
42.75,32.87,25.58974262279366
38.0,24.7,26.575668135790167
33.25,16.435,24.933707152009333
33.25,32.87,27.93049767339939
28.5,24.7,33.35879375398568
23.75,16.435,21.513187822641882
23.75,32.87,32.7593018559009
19.0,24.7,32.10330367297077
14.25,16.435,31.31308210382589
14.25,32.87,26.83539492698896
9.5,24.7,25.176315053142762
4.75,16.435,25.56352741670044
4.75,32.87,31.683663066338735
171.0,24.7,32.15805040811446
166.25,16.435,28.825787151548756
166.25,32.87,42.2542976541143
161.5,24.7,24.27719053627416
156.75,16.435,34.27109377881287
156.75,32.87,27.098156832285134
152.0,24.7,28.87133147453029
147.25,16.435,23.76385025882441
147.25,32.87,28.979811636560488
142.5,24.7,42.43453277388676
137.75,16.435,24.828309777187094
137.75,32.87,30.378701990981998
133.0,24.7,25.88521787079305
128.25,16.435,25.41581776309378
128.25,32.87,31.687381143020787
123.5,24.7,29.310822452084096
118.75,16.435,18.281571271918864
118.75,32.87,37.55493224360001
114.0,24.7,33.49562722938528
109.25,16.435,28.063307429455776
109.25,32.87,24.9992049432809
104.5,24.7,29.81640433307251
99.75,16.435,31.338378376282407
99.75,32.87,36.808842157780035
95.0,24.7,21.55859047344883
90.25,16.435,30.53430437885685
90.25,32.87,27.549895229273332
85.5,24.7,29.026370558989772
80.75,16.435,34.40784855776377
80.75,32.87,21.233436505291056
76.0,24.7,30.34364858274354
71.25,16.435,27.617744761886957
71.25,32.87,25.831229906803184
66.5,24.7,33.92918840467079
61.75,16.435,36.6195245345877
61.75,32.87,35.51997177637368
156.75,0.0,31.889636462735744
152.0,-8.265,27.76029476021522
152.0,8.265,31.521243158944802
147.25,0.0,22.193293332218325
142.5,-8.265,29.971782930628105
142.5,8.265,28.19244840294109
137.75,0.0,32.184485028106145
133.0,-8.265,26.400991520497858
133.0,8.265,34.26831810185176
185.25,0.0,30.443601422861835
180.5,-8.265,30.276152941012455
180.5,8.265,35.10357712470815
175.75,0.0,31.311927027437612
171.0,-8.265,21.059298109929234
171.0,8.265,38.57999261314701
166.25,0.0,33.59247394975949
161.5,-8.265,34.90083794907669
161.5,8.265,34.06719923539531
128.25,0.0,24.213241650761432
123.5,-8.265,30.282743030928163
123.5,8.265,29.47980492405313
118.75,0.0,29.686421578221076
114.0,-8.265,36.77557997679261
114.0,8.265,19.841129423514047
109.25,0.0,28.30892430003144
104.5,-8.265,31.691710868309563
104.5,8.265,21.039137949373295
99.75,0.0,25.68284954321607
95.0,-8.265,32.72533640195748
95.0,8.265,24.741563482634064
90.25,0.0,30.1047161297888
85.5,-8.265,36.66768903444834
85.5,8.265,28.849059352324094
80.75,0.0,29.083924423275523
76.0,-8.265,27.581025713108
76.0,8.265,29.443811157928057
71.25,0.0,24.5816996479451
66.5,-8.265,38.56899695655337
66.5,8.265,28.389796160787434
61.75,0.0,31.94511789128963
57.0,-8.265,27.171789649755315
57.0,8.265,32.44293995193652
52.25,0.0,23.574569036884498
47.5,-8.265,22.50132902585422
47.5,8.265,30.882178018433418
42.75,0.0,31.49456852909155
38.0,-8.265,28.226405346094086
38.0,8.265,29.501926225661872
33.25,0.0,25.927497105157983
28.5,-8.265,29.56577604478351
28.5,8.265,33.27692352763511
23.75,0.0,31.337263144643597
19.0,-8.265,35.68173573114875
19.0,8.265,32.17850884456298
28.5,-24.7,33.185612397749715
23.75,-32.87,35.32106382743282
23.75,-16.435,30.036722773194874
19.0,-24.7,29.627632455937313
14.25,-32.87,35.91111283964937
14.25,-16.435,29.999808576536147
9.5,-24.7,29.85661858855234
4.75,-32.87,24.91488620767282
4.75,-16.435,33.43737586111159
14.25,0.0,30.192389517285438
9.5,-8.265,29.92497383450149
9.5,8.265,19.961207654510353
4.75,0.0,34.170112357702884
-0.0,-8.265,37.820993768561735
-0.0,8.265,33.5301098010135
-4.75,0.0,32.85983423440486
-9.5,-8.265,37.0435760953134
-9.5,8.265,27.00279514443117
85.5,-24.7,20.914864303707834
80.75,-32.87,20.733997427880617
80.75,-16.435,33.16248713343493
76.0,-24.7,26.469875151214183
71.25,-32.87,31.14732249641618
71.25,-16.435,26.954364887722754
66.5,-24.7,31.18765779678002
61.75,-32.87,29.54516324197959
61.75,-16.435,24.8053882524302
57.0,-24.7,35.20884239709831
52.25,-32.87,34.0280549226928
52.25,-16.435,37.019771162733306
47.5,-24.7,31.49382236765802
42.75,-32.87,25.71880850535392
42.75,-16.435,31.256089770124795
38.0,-24.7,22.26635965162508
33.25,-32.87,31.396868785744307
33.25,-16.435,39.523346069669216
42.75,-49.4,19.91952819655173
38.0,-57.56999999999999,38.22459512030591
38.0,-41.135,33.97107272522804
33.25,-49.4,34.6625040575068
28.5,-57.56999999999999,21.390238302744663
28.5,-41.135,32.92535856323692
23.75,-49.4,30.991864105657946
19.0,-57.56999999999999,30.279461718206495
19.0,-41.135,30.49412196755432
14.25,-49.4,28.5581052055711
9.5,-57.56999999999999,28.095515688294235
9.5,-41.135,38.78597943363941
4.75,-49.4,26.37067895861607
-0.0,-57.56999999999999,24.982134335095655
-0.0,-41.135,34.93608388854217
-4.75,-49.4,38.14498095484109
-9.5,-57.56999999999999,40.826923213459985
-9.5,-41.135,26.460009506291353
185.25,-32.87,30.387995636225167
185.25,-16.435,24.208781937107467
180.5,-24.7,30.531723145895594
175.75,-16.435,29.72731889503558
180.5,-41.135,32.10779909886063
175.75,-32.87,27.21681053406114
171.0,-41.135,25.00233556081242
166.25,-49.4,33.34782569785946
161.5,-41.135,26.979180932085917
171.0,-24.7,31.4620138385819
166.25,-32.87,23.131355200979918
166.25,-16.435,30.885696755410418
161.5,-24.7,26.206654083563528
156.75,-32.87,15.547184961821895
156.75,-16.435,24.138059874137888
152.0,-24.7,27.664813543450673
147.25,-32.87,24.580099266975914
147.25,-16.435,24.355637275567528
142.5,-24.7,30.57761077148347
137.75,-32.87,32.76170823578226
137.75,-16.435,27.152862825569006
133.0,-24.7,35.236789686592104
128.25,-32.87,33.83647616814068
128.25,-16.435,32.76572464231166
123.5,-24.7,34.746341055656494
118.75,-32.87,29.22459628738579
118.75,-16.435,37.61196773938772
114.0,-24.7,22.40573055134103
109.25,-32.87,32.27384007950688
109.25,-16.435,38.18540624580191
104.5,-24.7,31.346898445790398
99.75,-32.87,20.195690882424472
99.75,-16.435,40.21760067126167
95.0,-24.7,32.16740489132748
90.25,-32.87,39.87064931696923
90.25,-16.435,24.65415924897914
175.75,-65.835,20.43908849109119
175.75,-49.4,32.48194565319975
171.0,-57.56999999999999,25.59877602973095
166.25,-65.835,38.55241303877332
161.5,-74.005,30.557891189956084
161.5,-57.56999999999999,25.700953352568398
156.75,-65.835,32.62439896307447
152.0,-74.005,35.56540019387984
147.25,-65.835,34.01577649202404
156.75,-49.4,30.200514121996903
152.0,-57.56999999999999,24.857486781461457
152.0,-41.135,34.43254344179903
147.25,-49.4,43.2063551432867
142.5,-57.56999999999999,30.422050033134234
142.5,-41.135,34.71524520663062
137.75,-49.4,19.012179378415972
133.0,-57.56999999999999,33.08019217069689
133.0,-41.135,29.936178033728343
128.25,-49.4,24.50323439649803
123.5,-57.56999999999999,29.601570074097364
123.5,-41.135,35.18994501860877
118.75,-49.4,25.046333063195085
114.0,-57.56999999999999,27.24758551813856
114.0,-41.135,22.59820611503835
109.25,-49.4,34.37630869617232
104.5,-57.56999999999999,28.497464317470037
104.5,-41.135,28.680378485644603
99.75,-49.4,18.772828654375843
95.0,-57.56999999999999,37.83872085361629
95.0,-41.135,20.463236522148282
90.25,-49.4,28.565800277919788
85.5,-57.56999999999999,25.552893003748142
85.5,-41.135,28.126974250003244
80.75,-49.4,35.75753732497049
76.0,-57.56999999999999,36.45249230292224
76.0,-41.135,20.107161051208248
57.0,-74.005,28.80561576490924
52.25,-82.27,36.297214786329505
52.25,-65.835,26.418021595850977
47.5,-74.005,26.339918847994404
42.75,-82.27,38.87306463558623
42.75,-65.835,36.31816583589781
38.0,-74.005,32.534089493135575
33.25,-82.27,39.966998352650506
33.25,-65.835,34.510519822587185
71.25,-49.4,24.172631130923623
66.5,-57.56999999999999,27.92986505747153
66.5,-41.135,36.493402105742575
61.75,-49.4,32.90522622516775
57.0,-57.56999999999999,30.718862399743465
57.0,-41.135,24.79413159492407
52.25,-49.4,27.850196856293582
47.5,-57.56999999999999,38.38811356592663
47.5,-41.135,28.146409952888167
42.75,-98.70500000000001,22.03165862628878
38.0,-106.97,28.396176831295843
38.0,-90.535,31.360860603823763
33.25,-98.70500000000001,28.239062900359897
28.5,-106.97,33.263659559120384
28.5,-90.535,27.871520619229848
23.75,-98.70500000000001,34.91038453904578
19.0,-106.97,38.69868108051817
19.0,-90.535,21.642212021487403
28.5,-74.005,30.681180322230766
23.75,-82.27,21.701458169862324
23.75,-65.835,22.11394440707368
19.0,-74.005,32.661074265348844
14.25,-82.27,27.961927563421842
14.25,-65.835,23.71594766339902
9.5,-74.005,23.408525382954803
4.75,-82.27,38.83181563785485
4.75,-65.835,31.316422682729634
171.0,-74.005,38.91965651257694
166.25,-82.27,27.938926134552894
161.5,-90.535,25.74965729880994
156.75,-82.27,34.499337817174194
156.75,-98.70500000000001,25.813524393508285
152.0,-90.535,30.772418327376766
147.25,-82.27,21.53454351483642
142.5,-90.535,29.230592502816872
133.0,-90.535,30.134200104243202
142.5,-74.005,32.113294108567715
137.75,-82.27,35.414261414289335
137.75,-65.835,34.095860531425764
133.0,-74.005,34.929250535080165
128.25,-82.27,30.016451199380395
128.25,-65.835,32.57574802889769
123.5,-74.005,32.63984297209332
118.75,-82.27,28.267619785865033
118.75,-65.835,44.58414571724681
114.0,-74.005,26.050157461967366
109.25,-82.27,18.727446384178887
109.25,-65.835,35.970357222395045
104.5,-74.005,37.95789422341207
99.75,-82.27,30.72895923360518
99.75,-65.835,24.457289901484618
95.0,-74.005,26.82922848947433
90.25,-82.27,35.682303448247
90.25,-65.835,35.44601585993099
85.5,-74.005,32.45422642340991
80.75,-82.27,31.514175450042025
80.75,-65.835,25.38084871009027
76.0,-74.005,24.226611316610605
71.25,-82.27,37.56146573493452
71.25,-65.835,33.91724794971813
66.5,-74.005,33.24593908818144
61.75,-82.27,26.308503741770124
61.75,-65.835,39.129366451581056
152.0,-106.97,26.798397339150444
147.25,-98.70500000000001,31.457238835824093
142.5,-106.97,28.39410385943615
137.75,-98.70500000000001,31.990240312436153
147.25,-115.13999999999999,18.74875467308314
142.5,-123.405,32.7196977373832
137.75,-115.13999999999999,24.735330453248764
133.0,-106.97,29.685139714034417
128.25,-115.13999999999999,34.67348927213884
128.25,-98.70500000000001,26.36508041951926
123.5,-106.97,27.399187830335343
123.5,-90.535,38.05252192277557
118.75,-98.70500000000001,24.754979358998973
114.0,-106.97,34.55736132671588
114.0,-90.535,25.36988899659282
109.25,-98.70500000000001,26.63753114115366
104.5,-106.97,36.826983448450875
104.5,-90.535,25.90999648548964
99.75,-98.70500000000001,27.29125468636206
95.0,-106.97,35.68253631523061
95.0,-90.535,30.137494077012704
90.25,-98.70500000000001,29.949394936345833
85.5,-106.97,22.128080291237637
85.5,-90.535,27.52827883782064
80.75,-98.70500000000001,23.823665330300383
76.0,-106.97,19.69477720546815
76.0,-90.535,27.980212892101992
71.25,-98.70500000000001,27.868786407963782
66.5,-106.97,30.486813684364904
66.5,-90.535,40.30532607561639
61.75,-98.70500000000001,33.70017569714776
57.0,-106.97,29.02921564535693
57.0,-90.535,27.308593789234
52.25,-98.70500000000001,33.31043633832591
47.5,-106.97,34.00954673280492
47.5,-90.535,39.42239149018004
133.0,-123.405,30.707965473430733
128.25,-131.67,31.216699481162944
123.5,-123.405,27.017311790524573
118.75,-115.13999999999999,32.468582159584365
123.5,-139.84,32.48174737889232
118.75,-131.67,27.376315061494296
114.0,-139.84,26.96839091858998
109.25,-148.105,26.896107991025282
104.5,-139.84,35.17434099103869
114.0,-123.405,39.089754257686955
109.25,-131.67,36.50620789549066
109.25,-115.13999999999999,30.548418869338157
104.5,-123.405,35.91207709077816
99.75,-131.67,25.469198136081605
99.75,-115.13999999999999,28.401122566030452
95.0,-123.405,26.52664773952139
90.25,-131.67,28.48948359095241
90.25,-115.13999999999999,36.39203023144278
104.5,-156.275,31.97970181957789
99.75,-148.105,33.83184617324861
95.0,-156.275,38.83006836308901
90.25,-164.54,35.2145981395035
95.0,-139.84,32.354874672652066
90.25,-148.105,28.00136267390098
85.5,-139.84,30.4716566507096
80.75,-148.105,31.76104059974094
76.0,-139.84,28.937606941823798
85.5,-123.405,27.65441790653641
80.75,-131.67,32.70901532111623
80.75,-115.13999999999999,31.463780454216323
76.0,-123.405,25.516782173465785
71.25,-131.67,18.88461709716439
71.25,-115.13999999999999,27.74538200812763
66.5,-123.405,29.87649379697626
61.75,-131.67,21.908619353748726
61.75,-115.13999999999999,30.859258930901476
57.0,-123.405,23.020181025722724
52.25,-131.67,38.11896559146809
52.25,-115.13999999999999,25.57859423951458
47.5,-123.405,19.303120055990263
42.75,-131.67,32.254237012745506
42.75,-115.13999999999999,22.993751674834236
38.0,-123.405,29.887949865295884
33.25,-131.67,35.457530847024245
33.25,-115.13999999999999,23.851947708630824
28.5,-123.405,36.61471376589291
23.75,-131.67,35.87131103785188
23.75,-115.13999999999999,24.013537417461237
19.0,-123.405,31.429583043127536
14.25,-131.67,23.62240996028135
14.25,-115.13999999999999,21.640130189916
9.5,-123.405,24.412426960652994
4.75,-131.67,32.741149895684465
4.75,-115.13999999999999,29.488833247875366
42.75,-148.105,25.77074919261199
38.0,-156.275,29.298634594558994
38.0,-139.84,34.489684634855884
33.25,-148.105,24.98768981790877
28.5,-156.275,29.62691996453654
28.5,-139.84,24.91887065340071
23.75,-148.105,33.82468228288371
19.0,-156.275,33.35101617187126
19.0,-139.84,28.489748915964547
14.25,-148.105,19.09936587257735
9.5,-156.275,35.905584611817254
9.5,-139.84,41.44532029703981
4.75,-148.105,33.97260297721786
-0.0,-156.275,26.0552580639261
-0.0,-139.84,26.92388300453132
-4.75,-148.105,29.621480711965386
-9.5,-156.275,27.29504675770665
-9.5,-139.84,30.020551924989018
85.5,-156.275,33.02093108807112
80.75,-164.54,37.65750821745819
76.0,-172.805,33.381676439245766
76.0,-156.275,28.731558729443005
71.25,-164.54,30.735137343256913
66.5,-172.805,28.050963937074375
61.75,-180.975,26.13390245987147
61.75,-164.54,32.11956817190806
57.0,-172.805,28.950558340270312
71.25,-148.105,34.796449503746935
66.5,-156.275,25.07227146804049
66.5,-139.84,27.61557617601514
61.75,-148.105,33.28831067479039
57.0,-156.275,35.74143733404501
57.0,-139.84,36.39441426113217
52.25,-148.105,31.24606340613809
47.5,-156.275,24.886164346000307
47.5,-139.84,26.461086497902286
28.5,-172.805,28.12742739261087
33.25,-164.54,37.69590956930058
33.25,-180.975,25.986446822257644
38.0,-172.805,36.37951691334289
42.75,-164.54,25.38168421340417
42.75,-180.975,30.696212539551716
47.5,-172.805,25.56512483359675
52.25,-164.54,36.84561748181073
52.25,-180.975,22.717707855852005
-0.0,-172.805,28.071684311840887
4.75,-164.54,32.174671580658526
4.75,-180.975,41.962317148455064
9.5,-172.805,31.805796375770175
14.25,-164.54,30.165954551753604
14.25,-180.975,27.253806201564053
19.0,-172.805,31.530105477061444
23.75,-164.54,22.347546453200426
23.75,-180.975,25.039916244231684
-57.0,-172.805,29.31488662226515
-52.25,-164.54,20.199137334651308
-52.25,-180.975,27.48808008445433
-47.5,-172.805,24.69387442096142
-42.75,-164.54,27.38610419550083
-42.75,-180.975,27.32886616481826
-38.0,-172.805,33.2834890020261
-33.25,-164.54,25.63768624833407
-33.25,-180.975,37.724871439396715
-28.5,-172.805,30.360006862511
-23.75,-164.54,33.65503102622474
-23.75,-180.975,25.385736629708724
-19.0,-172.805,37.093609817868206
-14.25,-164.54,18.835200081174293
-14.25,-180.975,30.885713722097403
-9.5,-172.805,26.591668745928025
-4.75,-164.54,25.439483531523404
-4.75,-180.975,27.13892785584546
-42.75,-148.105,35.689353144738625
-47.5,-156.275,35.80092342775235
-47.5,-139.84,32.566257836451875
-52.25,-148.105,28.842927062367522
-57.0,-156.275,33.55457360423014
-57.0,-139.84,23.597862809809833
-61.75,-148.105,28.40577397167393
-66.5,-156.275,28.880794333227552
-66.5,-139.84,21.32527986220167
-14.25,-148.105,23.108339166341047
-19.0,-156.275,32.20558797610604
-19.0,-139.84,40.383432932203185
-23.75,-148.105,27.940068838868783
-28.5,-156.275,35.05190183702219
-28.5,-139.84,32.440552639294275
-33.25,-148.105,28.749759806364946
-38.0,-156.275,25.523436713140963
-38.0,-139.84,36.66388875648857
-85.5,-123.405,42.82321663161037
-90.25,-131.67,25.4810997773752
-90.25,-115.13999999999999,22.8575092254963
-95.0,-123.405,33.35271881609485
-99.75,-131.67,27.456410666128182
-99.75,-115.13999999999999,27.65114379933142
-104.5,-123.405,28.452305288683657
-109.25,-131.67,22.78782674345173
-109.25,-115.13999999999999,24.48726662462635
-104.5,-139.84,23.182907082182968
-114.0,-139.84,26.040259358988305
-118.75,-131.67,30.643978994551468
-123.5,-139.84,27.333334917927907
-114.0,-123.405,37.87756081937364
-118.75,-115.13999999999999,29.09132832585168
-123.5,-123.405,36.184924817589554
-128.25,-131.67,36.281845962540245
-128.25,-115.13999999999999,31.358103939002003
-71.25,-148.105,28.18118980160857
-76.0,-139.84,29.116927571268764
-80.75,-148.105,29.992522820555564
-85.5,-139.84,22.347769240780437
-90.25,-148.105,25.999766961157967
-95.0,-139.84,32.01759544399203
-99.75,-148.105,21.450973445725353
-104.5,-156.275,31.79218416732429
-109.25,-148.105,37.591087522885545
-61.75,-164.54,25.92912150920073
-66.5,-172.805,31.777783411825734
-71.25,-164.54,21.533067558298647
-76.0,-172.805,26.695397167020317
-76.0,-156.275,33.94665535058125
-80.75,-164.54,27.403069169005423
-85.5,-156.275,29.821240429149853
-90.25,-164.54,36.718837427488914
-95.0,-156.275,31.54119397265237
-99.75,-98.70500000000001,34.30944326082485
-104.5,-106.97,30.39135593575645
-104.5,-90.535,27.19812889348701
-109.25,-98.70500000000001,35.91367851756352
-114.0,-106.97,31.57120139517073
-114.0,-90.535,35.08640196099793
-118.75,-98.70500000000001,30.003187053061403
-123.5,-106.97,37.293472628033605
-123.5,-90.535,22.174395491481942
-128.25,-98.70500000000001,32.52518196520741
-133.0,-106.97,24.948620375623957
-133.0,-90.535,25.720644802955285
-137.75,-98.70500000000001,27.39744320400687
-133.0,-123.405,35.1724314839213
-137.75,-115.13999999999999,31.27746468524572
-142.5,-123.405,28.329372692528423
-142.5,-106.97,27.11177253026042
-147.25,-115.13999999999999,29.77850580341437
-71.25,-98.70500000000001,22.61288711466043
-76.0,-106.97,26.372250618912638
-76.0,-90.535,27.2708330773276
-80.75,-98.70500000000001,39.309117376747594
-85.5,-106.97,35.70808467706613
-85.5,-90.535,25.191578582161743
-90.25,-98.70500000000001,32.301683665458135
-95.0,-106.97,32.91601397444324
-95.0,-90.535,33.18075718203342
-42.75,-98.70500000000001,27.791793820909728
-47.5,-106.97,23.21141238846322
-47.5,-90.535,40.76346169358273
-52.25,-98.70500000000001,25.910030452279347
-57.0,-106.97,25.12853007848261
-57.0,-90.535,23.100760929907267
-61.75,-98.70500000000001,27.800220219887052
-66.5,-106.97,28.589462042600378
-66.5,-90.535,23.918365982673116
-57.0,-123.405,32.17408087843692
-61.75,-131.67,32.736189261672905
-61.75,-115.13999999999999,29.00249665134866
-66.5,-123.405,32.53241735925995
-71.25,-131.67,33.505631041226465
-71.25,-115.13999999999999,21.351754096366236
-76.0,-123.405,24.6964110310804
-80.75,-131.67,21.968707145549473
-80.75,-115.13999999999999,29.84931149624281
-28.5,-123.405,38.38701986453429
-33.25,-131.67,39.45686098583057
-33.25,-115.13999999999999,22.713196265724534
-38.0,-123.405,24.548088478638284
-42.75,-131.67,26.83299443083402
-42.75,-115.13999999999999,26.10385956953284
-47.5,-123.405,33.83328926751564
-52.25,-131.67,35.47119956093986
-52.25,-115.13999999999999,27.469509728256792
-14.25,-98.70500000000001,24.740979134820982
-19.0,-106.97,29.940767890792962
-19.0,-90.535,36.971203727562404
-23.75,-98.70500000000001,25.343002893542128
-28.5,-106.97,29.811056080166434
-28.5,-90.535,28.96890038119235
-33.25,-98.70500000000001,35.3999183841843
-38.0,-106.97,35.70194187229262
-38.0,-90.535,33.44451493915971
-0.0,-123.405,30.8273331852861
-4.75,-131.67,24.79159839053023
-4.75,-115.13999999999999,29.919923679941128
-9.5,-123.405,28.322794690315508
-14.25,-131.67,31.908350658794642
-14.25,-115.13999999999999,37.26151840039931
-19.0,-123.405,36.68756877801131
-23.75,-131.67,31.12691179839118
-23.75,-115.13999999999999,23.40862003643363
-147.25,-65.835,33.33634299045726
-152.0,-74.005,29.600574014075633
-156.75,-65.835,32.68402585910406
-161.5,-74.005,25.46285308838092
-166.25,-82.27,32.2958198159654
-166.25,-65.835,30.640085452320164
-171.0,-74.005,33.53722905925652
-171.0,-57.56999999999999,26.95865689381596
-175.75,-65.835,22.647675570622773
-142.5,-90.535,30.993289121352056
-147.25,-82.27,24.773539981867824
-142.5,-74.005,28.328246481603266
-156.75,-82.27,26.409534413924625
-152.0,-90.535,30.707833220169714
-152.0,-106.97,36.90922570259394
-156.75,-98.70500000000001,32.45804083473125
-147.25,-98.70500000000001,26.59216759431748
-161.5,-90.535,29.52182664110867
-114.0,-74.005,28.26455876853734
-118.75,-82.27,30.339195218658602
-118.75,-65.835,29.609766821920047
-123.5,-74.005,34.64978392571872
-128.25,-82.27,33.16094288020041
-128.25,-65.835,30.152317215374723
-133.0,-74.005,32.498889602914055
-137.75,-82.27,34.83318533101802
-137.75,-65.835,29.312406687549444
-85.5,-74.005,26.815665416719018
-90.25,-82.27,29.26711120785934
-90.25,-65.835,28.03002033692967
-95.0,-74.005,31.175653196480198
-99.75,-82.27,30.892928871982036
-99.75,-65.835,28.43667964414008
-104.5,-74.005,32.3211534011495
-109.25,-82.27,24.713523665937306
-109.25,-65.835,31.5259213653501
-57.0,-74.005,35.09395249440102
-61.75,-82.27,32.11468473617194
-61.75,-65.835,26.18950533519004
-66.5,-74.005,20.1340429841902
-71.25,-82.27,24.461748938974026
-71.25,-65.835,40.19824384062376
-76.0,-74.005,24.105980319158657
-80.75,-82.27,29.674808756739044
-80.75,-65.835,28.600921155218764
-28.5,-74.005,31.775861442143974
-33.25,-82.27,30.229279002419652
-33.25,-65.835,34.48975852672191
-38.0,-74.005,30.23854202145301
-42.75,-82.27,30.7466240317192
-42.75,-65.835,35.294994392746524
-47.5,-74.005,29.43777659712883
-52.25,-82.27,21.532411636337198
-52.25,-65.835,29.33811238381159
-0.0,-74.005,25.225216057701015
-4.75,-82.27,35.0963082549282
-4.75,-65.835,31.135943134143435
-9.5,-74.005,31.9433880102414
-14.25,-82.27,30.74670232950291
-14.25,-65.835,23.55190682678039
-19.0,-74.005,32.57778819854008
-23.75,-82.27,33.15614761371372
-23.75,-65.835,42.18891340249109
14.25,-98.70500000000001,32.80928595167656
9.5,-106.97,24.64411990178056
9.5,-90.535,29.23574999647867
4.75,-98.70500000000001,28.144690196855638
-0.0,-106.97,32.66553077807813
-0.0,-90.535,31.609446116283266
-4.75,-98.70500000000001,31.438763618323996
-9.5,-106.97,27.20207655435281
-9.5,-90.535,24.715908353641595
-156.75,-49.4,35.412643819011464
-161.5,-57.56999999999999,27.30792481232691
-161.5,-41.135,28.208706252811357
-166.25,-49.4,31.926241030418474
-171.0,-41.135,40.25197936995483
-175.75,-49.4,27.7711647846037
-175.75,-32.87,30.29487586678576
-180.5,-41.135,33.341993971418525
-185.25,-32.87,28.181454090010583
-128.25,-49.4,25.1053319616196
-133.0,-57.56999999999999,24.460658074126577
-133.0,-41.135,22.66137040135537
-137.75,-49.4,30.795622535326793
-142.5,-57.56999999999999,26.29977298112978
-142.5,-41.135,24.551226878841945
-147.25,-49.4,35.14758265381671
-152.0,-57.56999999999999,30.62265281794897
-152.0,-41.135,31.057285587660758
-99.75,-49.4,24.037750353790894
-104.5,-57.56999999999999,25.828135799970557
-104.5,-41.135,35.93513346976628
-109.25,-49.4,32.39384482742102
-114.0,-57.56999999999999,35.71336766261369
-114.0,-41.135,29.328835423639628
-118.75,-49.4,34.421553774929485
-123.5,-57.56999999999999,31.175431753721902
-123.5,-41.135,28.47535267571651
-71.25,-49.4,33.51328584789742
-76.0,-57.56999999999999,29.932592650954152
-76.0,-41.135,18.466537767981794
-80.75,-49.4,29.5376323829747
-85.5,-57.56999999999999,30.74237112444515
-85.5,-41.135,36.477972624532676
-90.25,-49.4,32.30870301609375
-95.0,-57.56999999999999,21.807310329061174
-95.0,-41.135,28.489343426848382
-42.75,-49.4,29.25165051698555
-47.5,-57.56999999999999,28.73216467423101
-47.5,-41.135,32.56775640971626
-52.25,-49.4,34.828962776046495
-57.0,-57.56999999999999,38.8869358617624
-57.0,-41.135,34.423524602449035
-61.75,-49.4,34.52494061389946
-66.5,-57.56999999999999,32.59843997622736
-66.5,-41.135,31.267239713459265
-14.25,-49.4,37.45909227211746
-19.0,-57.56999999999999,30.80009650506943
-19.0,-41.135,27.224219208906934
-23.75,-49.4,32.14182078323147
-28.5,-57.56999999999999,29.838252280992993
-28.5,-41.135,36.75484955122068
-33.25,-49.4,33.861083222545695
-38.0,-57.56999999999999,22.792172076483567
-38.0,-41.135,27.034746833559232
-28.5,-24.7,36.09046294126515
-33.25,-32.87,22.82179331424618
-33.25,-16.435,36.550872509911585
-38.0,-24.7,29.003214335292785
-42.75,-32.87,37.13673680555605
-42.75,-16.435,28.72329280691989
-47.5,-24.7,33.53837283833316
-52.25,-32.87,34.4308904146371
-52.25,-16.435,38.56449445094237
-0.0,-24.7,38.461653530404575
-4.75,-32.87,34.432558349947456
-4.75,-16.435,27.708097611727347
-9.5,-24.7,30.09328008725323
-14.25,-32.87,28.901652148762015
-14.25,-16.435,36.78142656781389
-19.0,-24.7,22.121009660690973
-23.75,-32.87,25.963098672066447
-23.75,-16.435,37.12665867773938
-142.5,-24.7,33.91708168087316
-147.25,-32.87,25.347094454923838
-147.25,-16.435,36.97993628043613
-152.0,-24.7,27.841599207710097
-156.75,-32.87,40.06820695011089
-156.75,-16.435,31.33927276685016
-161.5,-24.7,33.59811654340816
-166.25,-32.87,34.008933326054915
-166.25,-16.435,33.47960527514895
-114.0,-24.7,30.970477185074177
-118.75,-32.87,25.006070689122172
-118.75,-16.435,32.246895082537144
-123.5,-24.7,24.771962016549775
-128.25,-32.87,35.724396802864376
-128.25,-16.435,39.94859916295475
-133.0,-24.7,32.8424115201521
-137.75,-32.87,30.575457651576343
-137.75,-16.435,29.417390130591386
-85.5,-24.7,30.577594160583914
-90.25,-32.87,32.42246520479276
-90.25,-16.435,28.591171425911693
-95.0,-24.7,31.67108935683032
-99.75,-32.87,32.232025216432056
-99.75,-16.435,33.35139570453363
-104.5,-24.7,34.337430714278156
-109.25,-32.87,40.11078105085839
-109.25,-16.435,35.07432846225304
-57.0,-24.7,36.129239431681455
-61.75,-32.87,23.871386339178777
-61.75,-16.435,28.74980001016406
-66.5,-24.7,29.217553219860427
-71.25,-32.87,27.61206420773309
-71.25,-16.435,34.20164778843154
-76.0,-24.7,33.12406124322389
-80.75,-32.87,36.21131106215749
-80.75,-16.435,30.60043367155401
-156.75,0.0,32.15253498028488
-161.5,-8.265,26.048074227362477
-161.5,8.265,28.90209539869989
-166.25,0.0,33.0803074510449
-171.0,8.265,29.52840282319981
-171.0,24.7,28.456160269003842
-175.75,16.435,27.408454837824408
-180.5,24.7,25.09291016615177
-185.25,16.435,29.429505369498738
-171.0,-24.7,30.363472591776212
-171.0,-8.265,31.846044439654122
-175.75,-16.435,29.00290914253707
-180.5,-24.7,30.508026422079574
-175.75,0.0,24.079803298756833
-180.5,-8.265,30.87297610819131
-180.5,8.265,34.66657868746309
-185.25,-16.435,34.713211747612384
-185.25,0.0,40.96775283751108
-128.25,0.0,30.617848586227847
-133.0,-8.265,32.999617636593584
-133.0,8.265,24.858764908157465
-137.75,0.0,28.793098792506502
-142.5,-8.265,32.22498964010559
-142.5,8.265,32.50226006131224
-147.25,0.0,29.946919902700063
-152.0,-8.265,27.258269202825065
-152.0,8.265,24.875031524035727
-99.75,0.0,33.22581731945766
-104.5,-8.265,28.212745543189012
-104.5,8.265,34.087735710961645
-109.25,0.0,27.18189967534198
-114.0,-8.265,29.206907405977457
-114.0,8.265,26.16464962670038
-118.75,0.0,31.082715263816198
-123.5,-8.265,33.62553275065324
-123.5,8.265,36.528194771179116
-71.25,0.0,23.309850681183168
-76.0,-8.265,25.60839477569076
-76.0,8.265,27.925044837594957
-80.75,0.0,32.52049480129134
-85.5,-8.265,21.821271328333843
-85.5,8.265,37.39183497215006
-90.25,0.0,29.125030578435716
-95.0,-8.265,32.78306349816597
-95.0,8.265,30.471775974761663
-42.75,0.0,40.987127515496624
-47.5,-8.265,31.295448755948925
-47.5,8.265,35.79712845863627
-52.25,0.0,32.50466059213863
-57.0,-8.265,31.392854011042203
-57.0,8.265,28.24938494743658
-61.75,0.0,26.951578522710832
-66.5,-8.265,29.559453024793726
-66.5,8.265,30.122738326587033
-14.25,0.0,29.730996146797622
-19.0,-8.265,33.95385095502392
-19.0,8.265,29.293271566822447
-23.75,0.0,25.72868960674306
-28.5,-8.265,18.431718301598313
-28.5,8.265,22.689863034236797
-33.25,0.0,32.061801456440065
-38.0,-8.265,35.456131358443635
-38.0,8.265,31.618644208926977
-0.0,24.7,17.76617795181302
-4.75,16.435,33.41134444763943
-4.75,32.87,40.33397877995303
-9.5,24.7,32.19881169396
-14.25,16.435,35.48209479959925
-14.25,32.87,31.095441108718617
-19.0,24.7,30.918322450933495
-23.75,16.435,33.07373025866805
-23.75,32.87,30.24456391085479
-57.0,24.7,29.890216954277445
-61.75,16.435,35.93050190727212
-61.75,32.87,35.92158146204188
-66.5,24.7,30.132154631750872
-71.25,16.435,35.17045811106457
-71.25,32.87,26.500184784157494
-76.0,24.7,30.402327477010836
-80.75,16.435,35.09862685230791
-80.75,32.87,30.377955317038438
-28.5,24.7,29.01001978972933
-33.25,16.435,31.072452162973324
-33.25,32.87,35.856497501755825
-38.0,24.7,34.510956983543245
-42.75,16.435,32.26544308370745
-42.75,32.87,35.31404355442272
-47.5,24.7,35.01136896842779
-52.25,16.435,26.32744269164118
-52.25,32.87,30.38039285750461
-14.25,49.4,35.24145966690215
-19.0,41.135,37.84428865134484
-19.0,57.56999999999999,23.971064256552303
-23.75,49.4,32.27309883550597
-28.5,41.135,29.108326338207686
-28.5,57.56999999999999,32.91205423327106
-33.25,49.4,27.716079022303546
-38.0,41.135,27.597851008929744
-38.0,57.56999999999999,36.91990622306715
14.25,49.4,20.885545209506823
9.5,41.135,21.474825366424792
9.5,57.56999999999999,25.052093622372663
4.75,49.4,28.30670082023084
-0.0,41.135,28.844388776757548
-0.0,57.56999999999999,32.26455133373962
-4.75,49.4,29.958786062783407
-9.5,41.135,23.01829026384082
-9.5,57.56999999999999,24.75953980844807
-156.75,49.4,19.190900863166775
-161.5,41.135,29.665000735481666
-161.5,57.56999999999999,27.821494616016558
-166.25,49.4,23.161579816023643
-171.0,41.135,27.61946095574104
-175.75,32.87,34.930341302381976
-175.75,49.4,28.903293322542137
-180.5,41.135,30.659622166798705
-185.25,32.87,31.727982858273375
-142.5,24.7,29.895142256115037
-147.25,16.435,32.43080520138129
-147.25,32.87,26.964375152957224
-152.0,24.7,40.306811143270096
-156.75,16.435,34.76955666950646
-156.75,32.87,31.680590455264955
-161.5,24.7,23.208051947843717
-166.25,16.435,30.39884335442625
-166.25,32.87,29.17204521499062
-114.0,24.7,28.566315571538727
-118.75,16.435,43.05671907206918
-118.75,32.87,27.798974532956
-123.5,24.7,26.545072581010405
-128.25,16.435,32.37265695154518
-128.25,32.87,27.839480037592118
-133.0,24.7,27.769629116477933
-137.75,16.435,28.405821471519705
-137.75,32.87,35.8388863963176
-85.5,24.7,29.66769517862895
-90.25,16.435,40.360640039407414
-90.25,32.87,33.6280292411583
-95.0,24.7,33.32304041207599
-99.75,16.435,25.279577058569078
-99.75,32.87,33.11090132010767
-104.5,24.7,28.666703126104153
-109.25,16.435,30.386218277398797
-109.25,32.87,29.371622204606528
-147.25,65.835,37.121589599345775
-152.0,74.005,26.859442211094546
-156.75,65.835,29.528467332177794
-161.5,74.005,29.710389842947095
-166.25,65.835,27.458901451545685
-166.25,82.27,23.37500118074302
-171.0,57.56999999999999,26.612288234583595
-171.0,74.005,37.28647522974195
-175.75,65.835,19.175049855783747
-128.25,49.4,18.53993439623136
-133.0,41.135,29.0615578986133
-133.0,57.56999999999999,28.86130877829713
-137.75,49.4,23.774082606527628
-142.5,41.135,25.6100844714694
-142.5,57.56999999999999,27.276473153645306
-147.25,49.4,23.969171695428688
-152.0,41.135,28.24151277424792
-152.0,57.56999999999999,27.92645571496369
-99.75,49.4,31.92982139319582
-104.5,41.135,24.250365568135678
-104.5,57.56999999999999,30.05916115461411
-109.25,49.4,22.908530344258814
-114.0,41.135,23.65280648053694
-114.0,57.56999999999999,21.39793934814711
-118.75,49.4,23.487932661980054
-123.5,41.135,33.99200369642343
-123.5,57.56999999999999,25.603024667035186
-71.25,49.4,33.26197630369275
-76.0,41.135,33.19226206009044
-76.0,57.56999999999999,33.36730809110097
-80.75,49.4,27.35410389702171
-85.5,41.135,28.547248921361476
-85.5,57.56999999999999,30.032580849624107
-90.25,49.4,33.491253149624924
-95.0,41.135,28.598113065354642
-95.0,57.56999999999999,29.288494751693335
-28.5,74.005,25.998602229330466
-33.25,65.835,28.387551892027634
-33.25,82.27,22.573955173031727
-38.0,74.005,38.507612343869766
-42.75,65.835,33.23617389370002
-42.75,82.27,33.584342926047825
-47.5,74.005,27.437159132474882
-52.25,65.835,19.38928730240454
-52.25,82.27,28.46665648958088
-42.75,49.4,28.984513431557705
-47.5,41.135,32.00534719991076
-47.5,57.56999999999999,22.75198552526833
-52.25,49.4,28.781911521956392
-57.0,41.135,29.688109035882224
-57.0,57.56999999999999,30.86410399285807
-61.75,49.4,37.93410898674501
-66.5,41.135,32.57397058308066
-66.5,57.56999999999999,33.54412081928719
-14.25,98.70500000000001,34.18184193397054
-19.0,90.535,36.370593384435665
-19.0,106.97,30.89865678962496
-23.75,98.70500000000001,31.52355094979829
-28.5,90.535,24.69558732613985
-28.5,106.97,32.89881042361175
-33.25,98.70500000000001,27.533104067604445
-38.0,90.535,26.552269473553856
-38.0,106.97,32.845649619270255
-0.0,74.005,30.18990827090918
-4.75,65.835,24.918655765340432
-4.75,82.27,34.45247390372998
-9.5,74.005,30.523022832137073
-14.25,65.835,36.30571425534247
-14.25,82.27,25.212418580529924
-19.0,74.005,29.51878099252631
-23.75,65.835,29.293610687587044
-23.75,82.27,29.526767203776863
-142.5,74.005,30.83526051973973
-142.5,90.535,23.1700445106648
-147.25,82.27,24.159790987928748
-156.75,82.27,27.4787176894985
-147.25,98.70500000000001,23.04803794369623
-152.0,90.535,36.66331425735874
-152.0,106.97,35.97959592147944
-156.75,98.70500000000001,35.57154734679125
-161.5,90.535,32.480639591393924
-114.0,74.005,30.306687669416178
-118.75,65.835,30.150625805595336
-118.75,82.27,33.43749984455891
-123.5,74.005,25.954165825957045
-128.25,65.835,30.854113634263516
-128.25,82.27,34.96538007116401
-133.0,74.005,37.518635700919766
-137.75,65.835,27.977518261242466
-137.75,82.27,23.963940812984603
-85.5,74.005,30.548935485717827
-90.25,65.835,20.235958257710628
-90.25,82.27,24.62608359356212
-95.0,74.005,27.29703535693767
-99.75,65.835,34.1172403641082
-99.75,82.27,25.937552136166502
-104.5,74.005,40.57169611865956
-109.25,65.835,24.169317250496917
-109.25,82.27,42.41125395233854
-57.0,74.005,27.49425652647031
-61.75,65.835,32.13508407126152
-61.75,82.27,30.40446986188783
-66.5,74.005,33.25072092271265
-71.25,65.835,32.3495493659528
-71.25,82.27,32.794992234755014
-76.0,74.005,29.74789980187695
-80.75,65.835,27.147147335196774
-80.75,82.27,29.86800684418973
-128.25,98.70500000000001,27.51705826939191
-133.0,90.535,28.847470737824477
-133.0,106.97,35.5280840500072
-137.75,98.70500000000001,36.661494989530794
-133.0,123.405,32.358204498246494
-137.75,115.13999999999999,28.730680113544693
-142.5,106.97,31.08842814545148
-142.5,123.405,27.97805147382102
-147.25,115.13999999999999,21.017002971852072
-99.75,98.70500000000001,28.68342712384432
-104.5,90.535,18.17636810553875
-104.5,106.97,38.68076491385389
-109.25,98.70500000000001,26.912665496468566
-114.0,90.535,27.34105554887667
-114.0,106.97,26.923098191070157
-118.75,98.70500000000001,35.16104685280942
-123.5,90.535,33.0730925583716
-123.5,106.97,26.19158144999812
-71.25,98.70500000000001,24.605469815900676
-76.0,90.535,29.810390308149916
-76.0,106.97,27.57304142304089
-80.75,98.70500000000001,19.338400457229213
-85.5,90.535,33.68240552680228
-85.5,106.97,25.784536277310345
-90.25,98.70500000000001,36.00133242168238
-95.0,90.535,34.12857525468925
-95.0,106.97,28.87002566983667
-42.75,98.70500000000001,26.615850060623053
-47.5,90.535,36.59985035662991
-47.5,106.97,35.541482635709166
-52.25,98.70500000000001,41.8112063302884
-57.0,90.535,24.99586227583556
-57.0,106.97,31.614478575893983
-61.75,98.70500000000001,23.550672752100326
-66.5,90.535,19.89459468355262
-66.5,106.97,27.666058153126333
-104.5,139.84,28.276486811226803
-114.0,139.84,28.47503802998638
-118.75,131.67,35.61193670062714
-123.5,139.84,27.903149730958656
-114.0,123.405,38.35556868555639
-118.75,115.13999999999999,32.821635214524626
-123.5,123.405,35.914875655603204
-128.25,115.13999999999999,26.12954528613258
-128.25,131.67,33.527274863292966
-85.5,123.405,36.128686069168474
-90.25,115.13999999999999,26.779423356404035
-90.25,131.67,29.57269345020567
-95.0,123.405,23.783790433300744
-99.75,115.13999999999999,27.22146295925901
-99.75,131.67,27.0386739974739
-104.5,123.405,29.22334224094567
-109.25,115.13999999999999,29.98035796042672
-109.25,131.67,37.23812737229518
-71.25,148.105,36.92570422166103
-76.0,139.84,22.3237740604962
-80.75,148.105,27.74196127402289
-85.5,139.84,29.93221205736187
-90.25,148.105,33.914883571656055
-95.0,139.84,35.6716510637812
-99.75,148.105,25.74591728568695
-104.5,156.275,33.52890128704721
-109.25,148.105,24.799559558494778
-57.0,123.405,36.646247820387856
-61.75,115.13999999999999,24.91662028595833
-61.75,131.67,18.682753209077646
-66.5,123.405,27.93433395489254
-71.25,115.13999999999999,27.371745260335945
-71.25,131.67,31.86633547156325
-76.0,123.405,29.048331846605308
-80.75,115.13999999999999,26.177204952053994
-80.75,131.67,32.279394733161276
-28.5,123.405,32.062668918355314
-33.25,115.13999999999999,26.729859662898612
-33.25,131.67,30.87369312058585
-38.0,123.405,25.39741547195581
-42.75,115.13999999999999,32.21034701647257
-42.75,131.67,29.830484596789244
-47.5,123.405,33.117362867590295
-52.25,115.13999999999999,26.33187439615881
-52.25,131.67,31.6446876681375
-0.0,123.405,29.74028242546073
-4.75,115.13999999999999,33.34825297362495
-4.75,131.67,29.041779539109434
-9.5,123.405,30.467873116296637
-14.25,115.13999999999999,26.879592506696703
-14.25,131.67,31.672708721926554
-19.0,123.405,30.433615603223227
-23.75,115.13999999999999,31.368853058099567
-23.75,131.67,32.96434164941892
-14.25,148.105,32.13238191750809
-19.0,139.84,38.0045227453777
-19.0,156.275,28.39994856722723
-23.75,148.105,27.987091084407652
-28.5,139.84,26.84412031566351
-28.5,156.275,28.38169197795729
-33.25,148.105,32.91531473796857
-38.0,139.84,30.692248555935308
-38.0,156.275,29.22970510853072
14.25,148.105,28.93599676767789
9.5,139.84,30.66401584758274
9.5,156.275,28.31016998404621
4.75,148.105,24.238940568996235
-0.0,139.84,27.79792856123728
-0.0,156.275,26.60983815801682
-4.75,148.105,28.120686489706095
-9.5,139.84,25.73482430847752
-9.5,156.275,25.40701195221946
-61.75,164.54,33.70256123243743
-66.5,172.805,26.663984625264042
-71.25,164.54,27.433790329239123
-76.0,172.805,25.02138872511093
-76.0,156.275,26.402247872467317
-80.75,164.54,31.210602174245803
-85.5,156.275,27.739842842002506
-90.25,164.54,30.897007145413628
-95.0,156.275,28.892141003544243
-42.75,148.105,34.17434996387804
-47.5,139.84,25.62643967582859
-47.5,156.275,27.04032314681575
-52.25,148.105,24.640151880064174
-57.0,139.84,33.91783435492971
-57.0,156.275,26.66785344095022
-61.75,148.105,37.066796362012795
-66.5,139.84,25.541422948799845
-66.5,156.275,31.249553531046796
-57.0,172.805,28.73699209216044
-52.25,180.975,29.742319237861114
-52.25,164.54,39.56886862290213
-47.5,172.805,21.792178012247078
-42.75,180.975,30.964940459866764
-42.75,164.54,33.599573823776495
-38.0,172.805,41.88913905862114
-33.25,180.975,32.861098433130586
-33.25,164.54,24.233025595905602
-28.5,172.805,30.886467216683457
-23.75,180.975,31.558398232224025
-23.75,164.54,30.900439903544125
-19.0,172.805,32.57720842961167
-14.25,180.975,30.120008457762943
-14.25,164.54,27.520546488536016
-9.5,172.805,25.469984557403652
-4.75,180.975,22.34597791558316
-4.75,164.54,31.620715684371845
